{
	"info": {
		"_postman_id": "dc1b594d-96d5-44b4-ab1d-31c6fe8665c9",
		"name": "0. RIS PLATAFORMA INTERNA (DESARROLLO)",
		"schema": "https://schema.getpostman.com/json/collection/v2.1.0/collection.json"
	},
	"item": [
		{
			"name": "BASES DE DATOS",
			"item": [
				{
					"name": "listDatabases",
					"request": {
						"method": "GET",
						"header": [],
						"url": {
							"raw": "https://fxlistdatabaserisdesa.azurewebsites.net/api/listDatabases?code=dS9/HnwHM9jQYH0O2UCKwSeMn0YfoY8p8nqmvOcQpWNX3GGda1D7cQ==",
							"protocol": "https",
							"host": [
								"fxlistdatabaserisdesa",
								"azurewebsites",
								"net"
							],
							"path": [
								"api",
								"listDatabases"
							],
							"query": [
								{
									"key": "code",
									"value": "dS9/HnwHM9jQYH0O2UCKwSeMn0YfoY8p8nqmvOcQpWNX3GGda1D7cQ=="
								}
							]
						}
					},
					"response": []
				}
			],
			"protocolProfileBehavior": {}
		},
		{
			"name": "TRANSFORMACIONES",
			"item": [
				{
					"name": "listTransformations",
					"request": {
						"method": "GET",
						"header": [],
						"url": {
							"raw": "https://fxlisttransforrisdesa.azurewebsites.net/api/listTransformations?code=fU4eaUtPGZbNcagOjijP24yOvNtRR2y9cUkNuejqr/2qqsS7OukuKQ==",
							"protocol": "https",
							"host": [
								"fxlisttransforrisdesa",
								"azurewebsites",
								"net"
							],
							"path": [
								"api",
								"listTransformations"
							],
							"query": [
								{
									"key": "code",
									"value": "fU4eaUtPGZbNcagOjijP24yOvNtRR2y9cUkNuejqr/2qqsS7OukuKQ=="
								}
							]
						}
					},
					"response": []
				}
			],
			"protocolProfileBehavior": {}
		},
		{
			"name": "CLIENTES",
			"item": [
				{
					"name": "listClients",
					"request": {
						"method": "GET",
						"header": [],
						"url": {
							"raw": "https://fxriscrudclientsdesa.azurewebsites.net/api/listClients?code=uajBDnGRKXLKalb5sAeNW2f3a8joJ1MlVLAUrpWU1zUivzpolobc/w==",
							"protocol": "https",
							"host": [
								"fxriscrudclientsdesa",
								"azurewebsites",
								"net"
							],
							"path": [
								"api",
								"listClients"
							],
							"query": [
								{
									"key": "code",
									"value": "uajBDnGRKXLKalb5sAeNW2f3a8joJ1MlVLAUrpWU1zUivzpolobc/w=="
								}
							]
						}
					},
					"response": []
				},
				{
					"name": "listClient",
					"request": {
						"method": "GET",
						"header": [],
						"url": {
							"raw": "https://fxriscrudclientsdesa.azurewebsites.net/api/listClient?code=580OEUlwXsO2m6ptBPw9SOsPHIRQadRaaElnnTWWcTa2jguqQS5e3Q==&client_code=10014",
							"protocol": "https",
							"host": [
								"fxriscrudclientsdesa",
								"azurewebsites",
								"net"
							],
							"path": [
								"api",
								"listClient"
							],
							"query": [
								{
									"key": "code",
									"value": "580OEUlwXsO2m6ptBPw9SOsPHIRQadRaaElnnTWWcTa2jguqQS5e3Q=="
								},
								{
									"key": "client_code",
									"value": "10014"
								}
							]
						}
					},
					"response": []
				}
			],
			"protocolProfileBehavior": {}
		},
		{
			"name": "PRODUCTOS",
			"item": [
				{
					"name": "createProductClient",
					"request": {
						"method": "POST",
						"header": [],
						"body": {
							"mode": "raw",
							"raw": "{\n  \"nit\": \"1234566-9\",\n  \"business_name\": \"Client Test 9\",\n  \"azure_storage_accounts\": [\n    {\n      \"azure_account_name\": \"computecdatacourrier\",\n      \"azure_account_key\": \"IPDhLFxGbEhEIEN5z9ly49QMgCGeD+ynlbP6gUAc1INpe1gFf/U45zg8dOcjbBEjiM2wi781UKn96O1PPI5SXA==\",\n      \"azure_account_sastoken\": \"?sv=2019-02-02&ss=b&srt=sco&sp=rwdlac&se=2062-11-28T07:14:13Z&st=2019-11-27T23:14:13Z&spr=https&sig=5mrkiwMvB6RkfbMYcyWMlNy4MG0YQ386zIkPt23tSHA%3D\"\n    }\n  ],\n  \"product_name\": \"Producto 9\",\n  \"product_description\": \"Producto Test 9\",\n  \"data_base_name\": \"dbalmacenamiento\",\n  \"azure_storage_containers\": [\n    {\n      \"azure_account_name\": \"computecdatacourrier\",\n      \"azure_container_name\": \"test9\",\n      \"period_time_months\": 12\n    }\n  ]\n}",
							"options": {
								"raw": {
									"language": "json"
								}
							}
						},
						"url": {
							"raw": "https://fxriscrudproductdesa.azurewebsites.net/api/createProductClient?code=wTLbca9A9KmapDN21goVOjnOzaogvNs/y9heaGVKQdue6Eu/60r1Yw==",
							"protocol": "https",
							"host": [
								"fxriscrudproductdesa",
								"azurewebsites",
								"net"
							],
							"path": [
								"api",
								"createProductClient"
							],
							"query": [
								{
									"key": "code",
									"value": "wTLbca9A9KmapDN21goVOjnOzaogvNs/y9heaGVKQdue6Eu/60r1Yw=="
								}
							]
						}
					},
					"response": []
				},
				{
					"name": "listProducts/{client_code}",
					"request": {
						"method": "GET",
						"header": [],
						"url": {
							"raw": "https://fxriscrudproductdesa.azurewebsites.net/api/listProducts?code=aOl/9DUadWdNJI9EtqyFwY6J481m6KXpmKIAWq5bPQ/whe6PaFD7gg==&client_code=10020",
							"protocol": "https",
							"host": [
								"fxriscrudproductdesa",
								"azurewebsites",
								"net"
							],
							"path": [
								"api",
								"listProducts"
							],
							"query": [
								{
									"key": "code",
									"value": "aOl/9DUadWdNJI9EtqyFwY6J481m6KXpmKIAWq5bPQ/whe6PaFD7gg=="
								},
								{
									"key": "client_code",
									"value": "10020"
								}
							]
						}
					},
					"response": []
				},
				{
					"name": "createProduct",
					"request": {
						"method": "POST",
						"header": [],
						"body": {
							"mode": "raw",
							"raw": "{\n  \"client_code\": 10020,\n  \"data_base_name\": \"dbalmacenamiento\",\n  \"nit\": \"1234566-9\",\n  \"business_name\": \"Client Test 9\",\n  \"azure_storage_accounts\": [\n    {\n      \"azure_account_name\": \"computecdatacourrier\",\n      \"azure_account_key\": \"IPDhLFxGbEhEIEN5z9ly49QMgCGeD+ynlbP6gUAc1INpe1gFf/U45zg8dOcjbBEjiM2wi781UKn96O1PPI5SXA==\",\n      \"azure_account_sastoken\": \"?sv=2019-02-02&ss=b&srt=sco&sp=rwdlac&se=2062-11-28T07:14:13Z&st=2019-11-27T23:14:13Z&spr=https&sig=5mrkiwMvB6RkfbMYcyWMlNy4MG0YQ386zIkPt23tSHA%3D\"\n    }\n  ],\n  \"product_name\": \"Producto Test 10\",\n  \"product_description\": \"Producto 10\",\n  \"azure_storage_containers\": [\n    {\n      \"azure_account_name\": \"computecdatacourrier\",\n      \"azure_container_name\": \"productoTest10\",\n      \"period_time_months\": 12\n    }\n  ]\n}",
							"options": {
								"raw": {
									"language": "json"
								}
							}
						},
						"url": {
							"raw": "https://fxriscrudproductdesa.azurewebsites.net/api/createProduct?code=haUxia85soATPgHV9XqxEZa3FjxsGaLcLqluLaReTZrIwaQevYJYAw==",
							"protocol": "https",
							"host": [
								"fxriscrudproductdesa",
								"azurewebsites",
								"net"
							],
							"path": [
								"api",
								"createProduct"
							],
							"query": [
								{
									"key": "code",
									"value": "haUxia85soATPgHV9XqxEZa3FjxsGaLcLqluLaReTZrIwaQevYJYAw=="
								}
							]
						}
					},
					"response": []
				},
				{
					"name": "updateProduct",
					"request": {
						"method": "PUT",
						"header": [],
						"body": {
							"mode": "raw",
							"raw": "{\n  \"client_code\": 10020,\n  \"product_code\": 10020,\n  \"product_name\": \"Factura Electrónica\",\n  \"product_description\": \"Contenedor de facturas en PDF y XML Computec\",\n  \"data_base_name\": \"dbalmacenamiento\",\n  \"azure_storage_accounts\": [\n    {\n      \"azure_account_name\": \"computecdatacourrier\",\n      \"azure_container_name\": \"imagenes\",\n      \"period_time_months\": 12\n    }\n  ]\n}",
							"options": {
								"raw": {
									"language": "json"
								}
							}
						},
						"url": {
							"raw": "https://fxriscrudproductdesa.azurewebsites.net/api/updateProduct?code=n4hMZrTV5ZahmxrRxvP2WsbYIN9THNsND4zYD157pk8GNZhEP8Tsow==",
							"protocol": "https",
							"host": [
								"fxriscrudproductdesa",
								"azurewebsites",
								"net"
							],
							"path": [
								"api",
								"updateProduct"
							],
							"query": [
								{
									"key": "code",
									"value": "n4hMZrTV5ZahmxrRxvP2WsbYIN9THNsND4zYD157pk8GNZhEP8Tsow=="
								}
							]
						}
					},
					"response": []
				}
			],
			"protocolProfileBehavior": {}
		},
		{
			"name": "TIEMPOS DE CONSULTA",
			"item": [
				{
					"name": "listPeriodsTime",
					"request": {
						"method": "GET",
						"header": [],
						"url": {
							"raw": "https://fxristiemposconsultadesa.azurewebsites.net/api/listPeriodsTime?code=eNpG3fzk05qD5GoQkxYA0xzd8YqEE13bXnEaM3mthtNPuTiwLvfkpA==",
							"protocol": "https",
							"host": [
								"fxristiemposconsultadesa",
								"azurewebsites",
								"net"
							],
							"path": [
								"api",
								"listPeriodsTime"
							],
							"query": [
								{
									"key": "code",
									"value": "eNpG3fzk05qD5GoQkxYA0xzd8YqEE13bXnEaM3mthtNPuTiwLvfkpA=="
								}
							]
						}
					},
					"response": []
				}
			],
			"protocolProfileBehavior": {}
		}
	],
	"protocolProfileBehavior": {}
}