{
	"info": {
		"_postman_id": "dc1b594d-96d5-44b4-ab1d-31c6fe8665c9",
		"name": "0. RIS PLATAFORMA INTERNA (DESARROLLO)",
		"schema": "https://schema.getpostman.com/json/collection/v2.1.0/collection.json"
	},
	"item": [
		{
			"name": "BASES DE DATOS",
			"item": [
				{
					"name": "listDatabases",
					"request": {
						"method": "GET",
						"header": [],
						"url": {
							"raw": "https://fxlistdatabaserisdesa.azurewebsites.net/api/listDatabases?code=dS9/HnwHM9jQYH0O2UCKwSeMn0YfoY8p8nqmvOcQpWNX3GGda1D7cQ==",
							"protocol": "https",
							"host": [
								"fxlistdatabaserisdesa",
								"azurewebsites",
								"net"
							],
							"path": [
								"api",
								"listDatabases"
							],
							"query": [
								{
									"key": "code",
									"value": "dS9/HnwHM9jQYH0O2UCKwSeMn0YfoY8p8nqmvOcQpWNX3GGda1D7cQ=="
								}
							]
						}
					},
					"response": []
				}
			],
			"protocolProfileBehavior": {}
		},
		{
			"name": "TRANSFORMACIONES",
			"item": [
				{
					"name": "listTransformations",
					"request": {
						"method": "GET",
						"header": [],
						"url": {
							"raw": "https://fxlisttransforrisdesa.azurewebsites.net/api/listTransformations?code=fU4eaUtPGZbNcagOjijP24yOvNtRR2y9cUkNuejqr/2qqsS7OukuKQ==",
							"protocol": "https",
							"host": [
								"fxlisttransforrisdesa",
								"azurewebsites",
								"net"
							],
							"path": [
								"api",
								"listTransformations"
							],
							"query": [
								{
									"key": "code",
									"value": "fU4eaUtPGZbNcagOjijP24yOvNtRR2y9cUkNuejqr/2qqsS7OukuKQ=="
								}
							]
						}
					},
					"response": []
				}
			],
			"protocolProfileBehavior": {}
		},
		{
			"name": "CLIENTES",
			"item": [
				{
					"name": "createClient",
					"request": {
						"method": "POST",
						"header": [],
						"body": {
							"mode": "raw",
							"raw": "{\n  \"nit\": \"0987654321-1\",\n  \"business_name\": \"Client Test 2\",\n  \"azureStorageAccounts\": [\n    {\n      \"azure_account_name\": \"computecdatacourrier\",\n      \"azure_account_key\": \"IPDhLFxGbEhEIEN5z9ly49QMgCGeD+ynlbP6gUAc1INpe1gFf/U45zg8dOcjbBEjiM2wi781UKn96O1PPI5SXA==\",\n      \"azure_account_sastoken\": \"?sv=2019-02-02&ss=b&srt=sco&sp=rwdlac&se=2062-11-28T07:14:13Z&st=2019-11-27T23:14:13Z&spr=https&sig=5mrkiwMvB6RkfbMYcyWMlNy4MG0YQ386zIkPt23tSHA%3D\"\n    }\n  ]\n}",
							"options": {
								"raw": {
									"language": "json"
								}
							}
						},
						"url": {
							"raw": "https://fxriscrudclientsdesa.azurewebsites.net/api/createClient?code=nTQC9rRmMcvTK3kVJJvC4688lPzmeBQe4h1X7aSz5wZAnYboaljqDA==",
							"protocol": "https",
							"host": [
								"fxriscrudclientsdesa",
								"azurewebsites",
								"net"
							],
							"path": [
								"api",
								"createClient"
							],
							"query": [
								{
									"key": "code",
									"value": "nTQC9rRmMcvTK3kVJJvC4688lPzmeBQe4h1X7aSz5wZAnYboaljqDA=="
								}
							]
						}
					},
					"response": []
				},
				{
					"name": "listClients",
					"request": {
						"method": "GET",
						"header": [],
						"url": {
							"raw": "https://fxriscrudclientsdesa.azurewebsites.net/api/listClients?code=uajBDnGRKXLKalb5sAeNW2f3a8joJ1MlVLAUrpWU1zUivzpolobc/w==",
							"protocol": "https",
							"host": [
								"fxriscrudclientsdesa",
								"azurewebsites",
								"net"
							],
							"path": [
								"api",
								"listClients"
							],
							"query": [
								{
									"key": "code",
									"value": "uajBDnGRKXLKalb5sAeNW2f3a8joJ1MlVLAUrpWU1zUivzpolobc/w=="
								}
							]
						}
					},
					"response": []
				},
				{
					"name": "listClient",
					"request": {
						"method": "GET",
						"header": [],
						"url": {
							"raw": "https://fxriscrudclientsdesa.azurewebsites.net/api/listClient?code=580OEUlwXsO2m6ptBPw9SOsPHIRQadRaaElnnTWWcTa2jguqQS5e3Q==&client_code=62",
							"protocol": "https",
							"host": [
								"fxriscrudclientsdesa",
								"azurewebsites",
								"net"
							],
							"path": [
								"api",
								"listClient"
							],
							"query": [
								{
									"key": "code",
									"value": "580OEUlwXsO2m6ptBPw9SOsPHIRQadRaaElnnTWWcTa2jguqQS5e3Q=="
								},
								{
									"key": "client_code",
									"value": "62"
								}
							]
						}
					},
					"response": []
				}
			],
			"protocolProfileBehavior": {}
		}
	],
	"protocolProfileBehavior": {}
}